{"cameraMode":{"drawMode":0,"name":"Shaded","section":"Shading Mode"},"sceneLighting":true,"audioPlay":false,"sceneViewState":{"showFog":true,"showMaterialUpdate":false,"showSkybox":true,"showFlares":true,"showImageEffects":true,"showParticleSystems":true},"in2DMode":false,"pivot":{"x":178.50003051757813,"y":-7.582553863525391,"z":50.34027099609375},"rotation":{"x":0.1969652622938156,"y":-0.3898554742336273,"z":0.08535785973072052,"w":0.8957147598266602},"size":30.400497436523439,"orthographic":false}