{"cameraMode":{"drawMode":0,"name":"Shaded","section":"Shading Mode"},"sceneLighting":true,"audioPlay":false,"sceneViewState":{"showFog":true,"showMaterialUpdate":false,"showSkybox":true,"showFlares":true,"showImageEffects":true,"showParticleSystems":true},"in2DMode":false,"pivot":{"x":177.6328125,"y":-21.393051147460939,"z":38.95995330810547},"rotation":{"x":0.2697657346725464,"y":-0.45677101612091067,"z":0.14720022678375245,"w":0.8350395560264587},"size":32.076602935791019,"orthographic":false}